id,name,model_id:id,group_id:id,perm_read,perm_write,perm_create,perm_unlink
access_right_live_user,ac.ars.live.streaming,model_ac_ars_live_streaming,ac_ars_cc_camera.live_stream_group_user,1,1,1,0
access_right_live_manager,ac.ars.live.streaming,model_ac_ars_live_streaming,ac_ars_cc_camera.live_stream_group_manager,1,1,1,1
,,,,,,,
access_right_live_user1,ac.ars.live.streaming.line,model_ac_ars_live_streaming_line,ac_ars_cc_camera.live_stream_group_user,1,1,1,0
access_right_live_manager1,ac.ars.live.streaming.line,model_ac_ars_live_streaming_line,ac_ars_cc_camera.live_stream_group_manager,1,1,1,1
,,,,,,,
access_right_live_user2,ac.ars.live.streaming.settings,model_ac_ars_live_streaming_settings,ac_ars_cc_camera.live_stream_group_user,1,0,0,0
access_right_live_manager2,ac.ars.live.streaming.settings,model_ac_ars_live_streaming_settings,ac_ars_cc_camera.live_stream_group_manager,1,1,1,1
,,,,,,,
access_right_ac_ars_ip_camera_user1,ac.ars.ip.camera,ac_ars_ip_camera.model_ac_ars_ip_camera,ac_ars_cc_camera.live_stream_group_user,1,1,1,0
access_right_ac_ars_ip_camera_user2,ac.ars.ip.camera,ac_ars_ip_camera.model_ac_ars_ip_camera,ac_ars_cc_camera.live_stream_group_manager,1,1,1,1
,,,,,,,
access_right_sms_api_user1,sms.record,ac_ars_sms_api.model_ac_ars_sms_record,ac_ars_cc_camera.live_stream_group_user,1,1,1,0
access_right_sms_api_user2,sms.record,ac_ars_sms_api.model_ac_ars_sms_record,ac_ars_cc_camera.live_stream_group_manager,1,1,1,1
,,,,,,,
access_right_sms_configure_line_user1,sms.configure,ac_ars_sms_api.model_ac_ars_sms_configure,ac_ars_cc_camera.live_stream_group_user,1,1,1,0
access_right_sms_configure_line_user2,sms.configure,ac_ars_sms_api.model_ac_ars_sms_configure,ac_ars_cc_camera.live_stream_group_manager,1,1,1,1

,,,,,,,
access_right_camera_record_user1,camera.records,ac_ars_ip_camera.model_ac_ars_camera_records,ac_ars_cc_camera.live_stream_group_user,1,1,1,0
access_right_camera_record_user2,camera.records,ac_ars_ip_camera.model_ac_ars_camera_records,ac_ars_cc_camera.live_stream_group_manager,1,1,1,1
,,,,,,,
access_right_resource_resource_user,resource.resource.ls.user,resource.model_resource_resource,ac_ars_cc_camera.live_stream_group_user,1,0,0,0
access_right_resource_resource_manager,resource.resource.ls.manager,resource.model_resource_resource,ac_ars_cc_camera.live_stream_group_manager,1,1,1,1
access_right_ac_ars_live_stream_token_user1,ac.ars.live.stream.token,ac_ars_cc_camera.model_ac_ars_live_stream_token,ac_ars_cc_camera.live_stream_group_user,1,1,1,0
access_right_ac_ars_live_stream_token_user1,ac.ars.live.stream.token,ac_ars_cc_camera.model_ac_ars_live_stream_token,ac_ars_cc_camera.live_stream_group_manager,1,1,1,1
,,,,,,,
access_right_live_ac_ars_ip_camera_exp_user1,ac.ars.ip.camera.exp,ac_ars_ip_camera.model_ac_ars_ip_camera_exp,ac_ars_cc_camera.live_stream_group_user,1,1,1,0
access_right_live_ac_ars_ip_camera_exp_user2,ac.ars.ip.camera.exp,ac_ars_ip_camera.model_ac_ars_ip_camera_exp,ac_ars_cc_camera.live_stream_group_manager,1,1,1,1
,,,,,,,
,,,,,,,
access_right_fleet_vehicle_user1,fleet.vehicle,fleet.model_fleet_vehicle,ac_ars_cc_camera.live_stream_group_user,1,1,1,0
access_right_fleet_vehicle_user2,fleet.vehicle,fleet.model_fleet_vehicle,ac_ars_cc_camera.live_stream_group_manager,1,1,1,1
,,,,,,,
access_right_sale_order_user1,sale.order,sale.model_sale_order,ac_ars_cc_camera.live_stream_group_user,1,1,1,0
access_right_sale_order_user2,sale.order,sale.model_sale_order,ac_ars_cc_camera.live_stream_group_manager,1,1,1,1
,,,,,,,
access_right_sale_order_line_user1,sale.order.line,sale.model_sale_order_line,ac_ars_cc_camera.live_stream_group_user,1,1,1,0
access_right_sale_order_line_user2,sale.order.line,sale.model_sale_order_line,ac_ars_cc_camera.live_stream_group_manager,1,1,1,1
,,,,,,,
access_right_project_task_user1,project.task,project.model_project_task,ac_ars_cc_camera.live_stream_group_user,1,1,1,0
access_right_project_task_user2,project.task,project.model_project_task,ac_ars_cc_camera.live_stream_group_manager,1,1,1,1
,,,,,,,
,,,,,,,
access_right_calendar_event_user1,calendar.event,calendar.model_calendar_event,ac_ars_cc_camera.live_stream_group_user,1,1,1,0
access_right_calendar_event_user2,calendar.event,calendar.model_calendar_event,ac_ars_cc_camera.live_stream_group_manager,1,1,1,1
,,,,,,,
access_right_account_analytic_line_user1,account.analytic.line,account.model_account_analytic_line,ac_ars_cc_camera.live_stream_group_user,1,1,1,0
access_right_account_analytic_line_user2,account.analytic.line,account.model_account_analytic_line,ac_ars_cc_camera.live_stream_group_manager,1,1,1,1
,,,,,,,
access_right_live_token_user1,ac.ars.live.stream.token,ac_ars_cc_camera.model_ac_ars_live_stream_token,ac_ars_cc_camera.live_stream_group_user,1,1,1,0
access_right_live_token_user2,ac.ars.live.stream.token,ac_ars_cc_camera.model_ac_ars_live_stream_token,ac_ars_cc_camera.live_stream_group_manager,1,1,1,1
,,,,,,,
access_right_ac_ars_allocation_data_user1,ac.ars.allocation.data,ac_ars_cc_camera.model_ac_ars_allocation_data,ac_ars_cc_camera.live_stream_group_user,1,1,1,0
access_right_ac_ars_allocation_data_user2,ac.ars.allocation.data,ac_ars_cc_camera.model_ac_ars_allocation_data,ac_ars_cc_camera.live_stream_group_manager,1,1,1,1
,,,,,,,
access_right_ac_ars_region_region_user1,ac.ars.region.region,ac_ars_cc_camera.model_ac_ars_region_region,ac_ars_cc_camera.live_stream_group_user,1,1,1,0
access_right_ac_ars_region_region_user2,ac.ars.region.region,ac_ars_cc_camera.model_ac_ars_region_region,ac_ars_cc_camera.live_stream_group_manager,1,1,1,1
access_right_planner_calendar_user1,planner.calender,ac_ars_cc_camera.model_planner_calender,ac_ars_cc_camera.live_stream_group_user,1,1,1,0
access_right_planner_calendar_user2,planner.calender,ac_ars_cc_camera.model_planner_calender,ac_ars_cc_camera.live_stream_group_manager,1,1,1,1

access_resource_category,resource.category,ac_ars_cc_camera.model_resource_category,ac_ars_cc_camera.live_stream_group_manager,1,1,1,1
access_resource_category2,resource.category,ac_ars_cc_camera.model_resource_category,ac_ars_cc_camera.live_stream_group_user,1,1,1,0
access_streaming_pause_user,streaming.pause,model_streaming_pause,ac_ars_cc_camera.live_stream_group_user,1,1,1,1
access_streaming_pause_manager,streaming.pause,model_streaming_pause,ac_ars_cc_camera.live_stream_group_manager,1,1,1,1
access_streaming_pause_all,streaming.pause,model_streaming_pause,base.group_user,1,1,1,1
